referer,hits,bytes
-,103
https://www.ezlivinginteriors.co.uk/,6
https://www.ezliving-interiors.ie/,41
https://www.ezliving-interiors.ie/juno-corner-sofa-with-left-hand-chaise-stool,1
https://ez-living.s3-eu-west-1.amazonaws.com/administrator/components/com_wstools/views/sypexdumper/tmpl/sxd/index.php,2
https://www.noplacelike.co/,4
https://www.ezliving-interiors.ie/chest-of-drawers,1
http://ez-living.s3-eu-west-1.amazonaws.com/administrator/components/com_wstools/views/sypexdumper/tmpl/sxd/index.php,1
https://www.ezliving-interiors.ie/velvet-sofas-couches,1
https://www.ezliving-interiors.ie/loire-grey-oval-extending-dining-table,1
